{
  "dataset": "18F-FDG",
  "task": "AD_HC",
  "fold": 4,
  "test_loss": 0.3539423942565918,
  "test_acc": 0.8494623655913979,
  "best_val_acc": 0.9032258064516129,
  "acc": 0.8494623655913979,
  "auc": 0.8496762257169287,
  "f1": 0.849444958371878,
  "bacc": 0.8496762257169288,
  "sens": 0.8695652173913043,
  "spec": 0.8297872340425532
}