{
  "dataset": "18F-FDG",
  "task": "EMCI_LMCI",
  "fold": 1,
  "test_loss": 0.6762934790717231,
  "test_acc": 0.6714285714285714,
  "best_val_acc": 0.6857142857142857,
  "acc": 0.6714285714285714,
  "auc": 0.54,
  "f1": 0.4723041625696493,
  "bacc": 0.54,
  "sens": 0.08,
  "spec": 1.0
}