{
  "dataset": "18F-FDG",
  "task": "HC_ALL_MCI",
  "fold": 3,
  "test_loss": 0.6378085094949474,
  "test_acc": 0.7403314917127072,
  "best_val_acc": 0.7403314917127072,
  "acc": 0.7403314917127072,
  "auc": 0.5,
  "f1": 0.4253968253968254,
  "bacc": 0.5,
  "sens": 1.0,
  "spec": 0.0
}