{
  "dataset": "18F-FDG",
  "task": "HC_ALL_MCI",
  "fold": 4,
  "test_loss": 0.5771163857501486,
  "test_acc": 0.7403314917127072,
  "best_val_acc": 0.7624309392265194,
  "acc": 0.7403314917127072,
  "auc": 0.520720863766275,
  "f1": 0.4805519936496306,
  "bacc": 0.520720863766275,
  "sens": 0.9776119402985075,
  "spec": 0.06382978723404255
}