{
  "dataset": "18F-FDG",
  "task": "EMCI_LMCI",
  "fold": 3,
  "test_loss": 0.666793081495497,
  "test_acc": 0.6571428571428571,
  "best_val_acc": 0.6857142857142857,
  "acc": 0.6571428571428571,
  "auc": 0.52,
  "f1": 0.4331983805668016,
  "bacc": 0.52,
  "sens": 0.04,
  "spec": 1.0
}