{
  "dataset": "18F-FDG",
  "task": "HC_MCI",
  "fold": 4,
  "test_loss": 0.8632597242082868,
  "test_acc": 0.5765765765765766,
  "best_val_acc": 0.6396396396396397,
  "acc": 0.5765765765765766,
  "auc": 0.5536901595744681,
  "f1": 0.5519965650493774,
  "bacc": 0.5536901595744681,
  "sens": 0.703125,
  "spec": 0.40425531914893614
}