{
  "dataset": "18F-FDG",
  "task": "AD_HC",
  "fold": 0,
  "test_loss": 0.4175484577814738,
  "test_acc": 0.8602150537634409,
  "best_val_acc": 0.8709677419354839,
  "acc": 0.8602150537634409,
  "auc": 0.8598519888991675,
  "f1": 0.8599559828564809,
  "bacc": 0.8598519888991674,
  "sens": 0.8260869565217391,
  "spec": 0.8936170212765957
}