{
  "dataset": "18F-FDG",
  "task": "AD_HC",
  "fold": 2,
  "test_loss": 0.9013241132100424,
  "test_acc": 0.8494623655913979,
  "best_val_acc": 0.9247311827956989,
  "acc": 0.8494623655913979,
  "auc": 0.8489824236817761,
  "f1": 0.849025974025974,
  "bacc": 0.8489824236817761,
  "sens": 0.8043478260869565,
  "spec": 0.8936170212765957
}