{
  "dataset": "18F-FDG",
  "task": "EMCI_LMCI",
  "fold": 2,
  "test_loss": 0.6808295249938965,
  "test_acc": 0.6,
  "best_val_acc": 0.6571428571428571,
  "acc": 0.6,
  "auc": 0.5466666666666666,
  "f1": 0.5467160037002775,
  "bacc": 0.5466666666666666,
  "sens": 0.36,
  "spec": 0.7333333333333333
}