{
  "dataset": "18F-FDG",
  "task": "HC_MCI",
  "fold": 3,
  "test_loss": 0.7427245548793248,
  "test_acc": 0.6036036036036037,
  "best_val_acc": 0.6936936936936937,
  "acc": 0.6036036036036037,
  "auc": 0.5940824468085106,
  "f1": 0.5940824468085106,
  "bacc": 0.5940824468085106,
  "sens": 0.65625,
  "spec": 0.5319148936170213
}