{
  "dataset": "18F-FDG",
  "task": "AD_HC",
  "fold": 3,
  "test_loss": 0.28984097639719647,
  "test_acc": 0.8602150537634409,
  "best_val_acc": 0.8279569892473119,
  "acc": 0.8602150537634409,
  "auc": 0.8600832562442184,
  "f1": 0.8601503759398497,
  "bacc": 0.8600832562442183,
  "sens": 0.8478260869565217,
  "spec": 0.8723404255319149
}