{
  "dataset": "18F-FDG",
  "task": "HC_MCI",
  "fold": 1,
  "test_loss": 0.6756321362086705,
  "test_acc": 0.5765765765765766,
  "best_val_acc": 0.6846846846846847,
  "acc": 0.5765765765765766,
  "auc": 0.5678191489361702,
  "f1": 0.5675922088686283,
  "bacc": 0.5678191489361701,
  "sens": 0.625,
  "spec": 0.5106382978723404
}