{
  "dataset": "18F-FDG",
  "task": "HC_MCI",
  "fold": 0,
  "test_loss": 0.9076950890677316,
  "test_acc": 0.5675675675675675,
  "best_val_acc": 0.6486486486486487,
  "acc": 0.5675675675675675,
  "auc": 0.5628324468085106,
  "f1": 0.5615536537195523,
  "bacc": 0.5628324468085106,
  "sens": 0.59375,
  "spec": 0.5319148936170213
}