{
  "dataset": "18F-FDG",
  "task": "AD_HC",
  "fold": 1,
  "test_loss": 0.36720999081929523,
  "test_acc": 0.8602150537634409,
  "best_val_acc": 0.8709677419354839,
  "acc": 0.8602150537634409,
  "auc": 0.8596207215541165,
  "f1": 0.8596307906652734,
  "bacc": 0.8596207215541165,
  "sens": 0.8043478260869565,
  "spec": 0.9148936170212766
}