{
  "dataset": "18F-FDG",
  "task": "HC_MCI",
  "fold": 2,
  "test_loss": 0.7130331311907087,
  "test_acc": 0.5765765765765766,
  "best_val_acc": 0.5765765765765766,
  "acc": 0.5765765765765766,
  "auc": 0.5,
  "f1": 0.3657142857142857,
  "bacc": 0.5,
  "sens": 1.0,
  "spec": 0.0
}