{
  "dataset": "18F-FDG",
  "task": "EMCI_LMCI",
  "fold": 4,
  "test_loss": 0.6818128691779243,
  "test_acc": 0.6428571428571429,
  "best_val_acc": 0.6428571428571429,
  "acc": 0.6428571428571429,
  "auc": 0.5,
  "f1": 0.391304347826087,
  "bacc": 0.5,
  "sens": 0.0,
  "spec": 1.0
}